John Kerry,1996/01/31, Singapore,john@gmail.com,valid
James,1945/01/31,Kenya,jbutt@gmail.com,valid
Josephine,1923/01/31,UK,josephine_darakjy@darakjy.org,valid
Art,2000/01/31,USA,art@venere.org,valid
Lenna,2010/01/31,BOTWSANA,lpaprocki@hotmail.com,valid
Donette,1987/01/31,Zambia,donette.foller@cox.net,valid
Simona,1990/01/31,SA,simona@morasca.com,valid
Mitsue,1990/01/31,Newzealand,mitsue_tollner@yahoo.com,valid
Leota,1990/01/31,USA,leota@hotmail.com,valid
Sage,1990/01/31,Kenya,sage_wieser@cox.net,valid
Kris,1990/01/31,kenya City,kris@gmail.com,valid
Minna,1990/01/31,Uganda,minna_amigon@yahoo.com,valid
Abel,1990/01/31,Tanzania,amaclead@gmail.com,valid
Kiley,1990/01/31,USA,kiley.caldarera@aol.com,valid
Graciela,1990/01/31,Suda,gruta@cox.net,valid
Cammy,1990/01/31,Webb,calbares@gmail.com,valid
Mattie,1990/01/31,Maricopa,mattie@aol.com,valid
Meaghan,1990/01/31,Warren,meaghan@hotmail.com,valid
Gladys,1990/01/31,Milwaukee,gladys.rim@rim.org,valid
Yuki,1990/01/31,Wayne,yuki_whobrey@aol.com,valid
Fletcher,1990/01/31,Winnebago,fletcher.flosi@yahoo.com,valid
Bette,1990/01/31,Delaware,bette_nicka@cox.net,valid
Veronika,1990/01/31,Santa Clara,vinouye@aol.com,valid
Willard,1990/01/31,Dallas,willard@hotmail.com,valid
Maryann,1990/01/31,Albany,mroyster@royster.com,valid
Alisha,1990/01/31,Middlesex,alisha@slusarski.com,valid
Allene,1990/01/31,Portage,allene_iturbide@cox.net,valid
Chanel,1990/01/31,Johnson,chanel.caudy@caudy.org,valid
Ezekiel,1990/01/31,Talbot,ezekiel@chui.com,valid
Willow,1990/01/31,New York,wkusko@yahoo.com,valid
Bernardo,1990/01/31,Montgomery,bfigeroa@aol.com,valid
Ammie,1990/01/31,Franklin,ammie@corrio.com,valid
Francine,1990/01/31,Dona Ana,francine_vocelka@vocelka.com,valid
Ernie,1990/01/31,Bergen,ernie_stenseth@aol.com,valid
Albina,1990/01/31,Middlesex,albina@glick.com,valid
Alishia,1990/01/31,New York,asergi@gmail.com,valid
Solange,1990/01/31,Jefferson,solange@shinko.com,valid
Jose,1990/01/31,New York,jose@yahoo.com,valid
Rozella,1990/01/31,Ventura,rozella.ostrosky@ostrosky.com,valid
Valentine,1990/01/31,Bexar,valentine_gillian@gmail.com,valid
Kati,1990/01/31,Dickinson,kati.rulapaugh@hotmail.com,valid
Youlanda,1990/01/31,Crook,youlanda@aol.com,valid
Dyan,1990/01/31,Johnson,doldroyd@aol.com,valid
Roxane,1990/01/31,Fairbanks North Star,roxane@hotmail.com,valid
Lavera,1990/01/31,Miami-Dade,lperin@perin.org,valid
Erick,1990/01/31,Fairbanks North Star,erick.ferencz@aol.com,valid
Fatima,1990/01/31,Hennepin,fsaylors@saylors.org,valid
Jina,1990/01/31,Suffolk,jina_briddick@briddick.com,valid
Kanisha,1990/01/31,Los Angeles,kanisha_waycott@yahoo.com,valid
Emerson,1990/01/31,Dane,emerson.bowley@bowley.org,valid
Blair,1990/01/31,Philadelphia,bmalet@yahoo.com,valid
Brock,1990/01/31,New York,bbolognia@yahoo.com,valid
Lorrie,1990/01/31,Coffee,lnestle@hotmail.com,valid
Sabra,1990/01/31,Richland,sabra@uyetake.org,valid
Marjory,1990/01/31,Delaware,mmastella@mastella.com,valid
Karl,1990/01/31,Hunterdon,karl_klonowski@yahoo.com,valid
Tonette,1990/01/31,Nassau,twenner@aol.com,valid
Amber,1990/01/31,Montgomery,amber_monarrez@monarrez.org,valid
Shenika,4 Otis St,Los Angeles,shenika@gmail.com,valid
Delmy,65895 S 16th St,Providence,delmy.ahle@hotmail.com,inValid
Deeanna,14302 Pennsylvania Ave,Montgomery,deeanna_juhas@gmail.com,valid
Blondell,201 Hawk Ct,Providence,bpugh@aol.com,inValid
Jamal,53075 Sw 152nd Ter #615,Middlesex,jamal@vanausdal.org,inValid
Cecily,59 N Groesbeck Hwy,Travis,cecily@hollack.org,inValid
Carmelina,2664 Lewis Rd,Douglas,carmelina_lindall@lindall.com,inValid
Maurine,59 Shady Ln #53,Milwaukee,maurine_yglesias@yglesias.com,inValid
Tawna,3305 Nabell Ave #679,New York,tawna@gmail.com,inValid
Penney,18 Fountain St,Anchorage,penney_weight@aol.com,inValid
Elly,7 W 32nd St,Erie,elly_morocco@gmail.com,inValid
Ilene,2853 S Central Expy,Anne Arundel,ilene.eroman@hotmail.com,inValid
Vallie,74 W College St,Ada,vmondella@mondella.com,inValid
Kallie,701 S Harrison Rd,San Francisco,kallie.blackwood@gmail.com,inValid
Johnetta,1088 Pinehurst St,Orange,johnetta_abdallah@aol.com,inValid
Bobbye,30 W 80th St #1995,San Mateo,brhym@rhym.com,inValid
Micaela,20932 Hedley St,Contra Costa,micaela_rhymes@gmail.com,inValid
Tamar,2737 Pistorio Rd #9230,Madison,tamar@hotmail.com,inValid
Moon,74989 Brandon St,Allegany,moon@yahoo.com,inValid
Laurel,6 Kains Ave,Baltimore City,laurel_reitler@reitler.com,inValid
Delisa,47565 W Grand Ave,Essex,delisa.crupi@crupi.com,inValid
Viva,4284 Dorigo Ln,Cook,viva.toelkes@gmail.com,inValid
Elza,6794 Lake Dr E,Essex,elza@yahoo.com,inValid
Devorah,31 Douglas Blvd #950,Curry,devorah@hotmail.com,inValid
Timothy,44 W 4th St,Richmond,timothy_mulqueen@mulqueen.org,inValid
Arlette,11279 Loytan St,Duval,ahoneywell@honeywell.com,inValid
Dominque,69 Marquette Ave,Alameda,dominque.dickerson@dickerson.org,inValid
Lettie,70 W Main St,Cuyahoga,lettie_isenhower@yahoo.com,inValid
Myra,461 Prospect Pl #316,Tarrant,mmunns@cox.net,inValid
Stephaine,47154 Whipple Ave Nw,Los Angeles,stephaine@barfield.com,inValid
Lai,37 Alabama Ave,Cook,lai.gato@gato.org,inValid
Stephen,3777 E Richmond St #900,Summit,stephen_emigh@hotmail.com,inValid
Tyra,3 Fort Worth Ave,Philadelphia,tshields@gmail.com,inValid
Tammara,4800 Black Horse Pike,San Mateo,twardrip@cox.net,inValid
Cory,83649 W Belmont Ave,Los Angeles,cory.gibes@gmail.com,inValid
Danica,840 15th Ave,McLennan,danica_bruschke@gmail.com,inValid
Wilda,1747 Calle Amanecer #2,Anchorage,wilda@cox.net,inValid
Elvera,99385 Charity St #840,Santa Clara,elvera.benimadho@cox.net,inValid
Wilda,1747 Calle Amanecer #2,Anchorage,wilda@cox.net,inValid
Elvera,99385 Charity St #840,Santa Clara,elvera.benimadho@cox.net,inValid
Wilda,1747 Calle Amanecer #2,Anchorage,wilda@cox.net,inValid
Elvera,99385 Charity St #840,Santa Clara,elvera.benimadho@cox.net,inValid
Wilda,1747 Calle Amanecer #2,Anchorage,wilda@cox.net,inValid
Elvera,99385 Charity St #840,Santa Clara,elvera.benimadho@cox.net,inValid
Wilda,1747 Calle Amanecer #2,Anchorage,wilda@cox.net,inValid
Elvera,99385 Charity St #840,Santa Clara,elvera.benimadho@cox.net,inValid
Wilda,1747 Calle Amanecer #2,Anchorage,wilda@cox.net,inValid
Elvera,99385 Charity St #840,Santa Clara,elvera.benimadho@cox.net,inValid
Wilda,1747 Calle Amanecer #2,Anchorage,wilda@cox.net,inValid
Elvera,99385 Charity St #840,Santa Clara,elvera.benimadho@cox.net,inValid
Wilda,1747 Calle Amanecer #2,Anchorage,wilda@cox.net,inValid
Elvera,99385 Charity St #840,Santa Clara,elvera.benimadho@cox.net,inValid

